{
  "LogReg (baseline)": {
    "PR_AUC": 0.18426510275753913,
    "ROC_AUC": 0.9640908041150826,
    "best_thr": 0.9364573927404997,
    "precision": 0.28594249201277955,
    "recall": 0.5841491841491842,
    "F1": 0.38394361881371536
  },
  "RandomForest": {
    "PR_AUC": 0.8720967153266276,
    "ROC_AUC": 0.9967102614051351,
    "best_thr": 0.8890220243411497,
    "precision": 0.8960313024035774,
    "recall": 0.7473193473193473,
    "F1": 0.814946619216586
  },
  "XGBoost": {
    "PR_AUC": 0.8728208367505947,
    "ROC_AUC": 0.9975308868735944,
    "best_thr": 0.9808459877967834,
    "precision": 0.8984074684239429,
    "recall": 0.7627039627039627,
    "F1": 0.8250126071603706
  }
}