{
  "threshold": 0.7998645901679993,
  "target_recall": 0.9,
  "recall": 0.9002331002331002,
  "precision": 0.5027336631085655,
  "pr_auc": 0.88003865605571
}